{
  "Dimensions": [
    600,
    800
  ],
  "BubbleDimensions": [
    15,30
  ],
  "Concatenations" : { 

      
  },
  "Singles":[
    "q1","q2","q3","q4","q5","q6","q7","q8","q9","q10","q11","q12","q13","q14","q15",
    "q16","q17","q18","q19","q20","q21","q22","q23","q24","q25","q26","q27","q28","q29","q30",
    "q31","q32","q33","q34","q35","q36","q37","q38","q39","q40","q41","q42","q43","q44","q45",
    
    
    "q46","q47","q48","q49","q50","q51","q52","q53","q54","q55","q56","q57","q58","q59","q60",
    "q61","q62","q63","q64","q65","q66","q67","q68","q69","q70","q71","q72","q73","q74","q75", 
    "q76","q77","q78","q79","q80","q81","q82","q83","q84","q85","q86","q87","q88","q89","q90"
  ],
  
  "MCQ1": {
    "qType": "QTYPE_MCQ5",
    "orig": [24 ,86],
    "bigGaps": [36,37],
    "gaps":  [15,45],
    "qNos": [

      [
        [
          "q1","q2","q3","q4","q5","q6","q7","q8","q9","q10","q11","q12","q13","q14","q15"
        ]
      ],

      [
        [
          
          "q16","q17","q18","q19","q20","q21","q22","q23","q24","q25","q26","q27","q28","q29","q30"
        ]
      ],

      [
        [
          "q31","q32","q33","q34","q35","q36","q37","q38","q39","q40","q41","q42","q43","q44","q45"
        ]
      ]

    ]

  },
  

  "MCQ2": {
    "qType": "QTYPE_MCQ5",
    "orig": [316 ,86],
    "bigGaps": [37,37],
    "gaps":  [15,45],
    "qNos": [

      [
        [
          "q46","q47","q48","q49","q50","q51","q52","q53","q54","q55","q56","q57","q58","q59","q60"
        ]
      ],

      [
        [
          
          "q61","q62","q63","q64","q65","q66","q67","q68","q69","q70","q71","q72","q73","q74","q75"
        ]
      ],

      [
        [
          "q76","q77","q78","q79","q80","q81","q82","q83","q84","q85","q86","q87","q88","q89","q90"
        ]
      ]

    ]
  }

}